-- phpMyAdmin SQL Dump
-- version 4.5.4.1deb2ubuntu2.1
-- http://www.phpmyadmin.net
--
-- Host: localhost
-- Generation Time: Jun 21, 2021 at 12:13 PM
-- Server version: 5.7.33-0ubuntu0.16.04.1
-- PHP Version: 7.2.34-21+ubuntu16.04.1+deb.sury.org+1

SET SQL_MODE = "NO_AUTO_VALUE_ON_ZERO";
SET time_zone = "+00:00";


/*!40101 SET @OLD_CHARACTER_SET_CLIENT=@@CHARACTER_SET_CLIENT */;
/*!40101 SET @OLD_CHARACTER_SET_RESULTS=@@CHARACTER_SET_RESULTS */;
/*!40101 SET @OLD_COLLATION_CONNECTION=@@COLLATION_CONNECTION */;
/*!40101 SET NAMES utf8mb4 */;

--
-- Database: `react_node_demo`
--

-- --------------------------------------------------------

--
-- Table structure for table `cmsclientdetails`
--

CREATE TABLE `cmsclientdetails` (
  `CMSClientDetailID` int(11) NOT NULL,
  `CMSUserPersonalDetailID` int(11) NOT NULL DEFAULT '0',
  `CMSUserAuthenticationID` int(11) NOT NULL DEFAULT '0',
  `LanguageCode` varchar(10) NOT NULL DEFAULT 'ENG',
  `CMSClientUniquePhone` varchar(15) NOT NULL DEFAULT '0',
  `CMSClientURL` varchar(200) NOT NULL DEFAULT '0',
  `visionmission` text CHARACTER SET utf8 COLLATE utf8_bin,
  `CMSClientPersonalDescription` text CHARACTER SET utf8 COLLATE utf8_bin,
  `CMSClientPersonalImgPath` varchar(250) NOT NULL DEFAULT '0',
  `CMSClientPoliticalDescription` text CHARACTER SET utf8 COLLATE utf8_bin,
  `CMSClientPoliticalImgPath` varchar(250) NOT NULL DEFAULT '0',
  `CMSClientSocialDescription` text CHARACTER SET utf8 COLLATE utf8_bin,
  `CMSClientSocialImgPath` varchar(4000) NOT NULL DEFAULT '0',
  `CMSClientProfilePicture` varchar(200) NOT NULL DEFAULT '0',
  `CMSClientWallpaper` varchar(200) NOT NULL DEFAULT '0',
  `CMSClientFBID` varchar(100) DEFAULT NULL,
  `CMSClientTWID` text,
  `CMSClientINSTID` varchar(100) DEFAULT NULL,
  `CMSClientLINKID` varchar(100) DEFAULT NULL,
  `CMSClientJobTitle` varchar(100) DEFAULT NULL,
  `CMSClientThemeColor` varchar(10) DEFAULT NULL,
  `CMSClientHomeBGPath` varchar(200) DEFAULT NULL,
  `CMSClientInternalBGPath` varchar(200) DEFAULT NULL,
  `CMSClientDescriptionBanner` varchar(200) DEFAULT NULL
) ENGINE=InnoDB DEFAULT CHARSET=latin1;

--
-- Dumping data for table `cmsclientdetails`
--

INSERT INTO `cmsclientdetails` (`CMSClientDetailID`, `CMSUserPersonalDetailID`, `CMSUserAuthenticationID`, `LanguageCode`, `CMSClientUniquePhone`, `CMSClientURL`, `visionmission`, `CMSClientPersonalDescription`, `CMSClientPersonalImgPath`, `CMSClientPoliticalDescription`, `CMSClientPoliticalImgPath`, `CMSClientSocialDescription`, `CMSClientSocialImgPath`, `CMSClientProfilePicture`, `CMSClientWallpaper`, `CMSClientFBID`, `CMSClientTWID`, `CMSClientINSTID`, `CMSClientLINKID`, `CMSClientJobTitle`, `CMSClientThemeColor`, `CMSClientHomeBGPath`, `CMSClientInternalBGPath`, `CMSClientDescriptionBanner`) VALUES
(1, 1, 2, 'ENG', '07126629420', 'http://www.inc.in/', 'null', 'Rahul Gandhi About this sound pronunciation (born 19 June 1970) is the Vice-President of the Indian National Congress (INC) party and the Chairperson of the Indian Youth Congress and the National Students Union of India. Gandhi served as a general secretary in the All India Congress Committee and represents Amethi as its Member of Parliament (MP). He is the second-highest-ranked member of the Congress Working Committee.<div><br></div><div><div><b><font color="#00ced1">Youth Congress and the National Students&nbsp;</font></b></div><div>Union of India.In 2008, senior Congress leader Veerappa Moily mentioned "Rahul-as-PM" idea when the PM of India Manmohan Singh was still abroad.</div></div>', '1623829038420.jpg', 'In March 2004, Rahul Gandhi announced his entry into politics by announcing that he would contest the May 2004 elections, standing for his father\'s former constituency of Amethi in Uttar Pradesh in the Lok Sabha, India\'s lower house of Parliament.The seat had been held by his mother until she transferred to the neighbouring seat of Rae Bareilly. The Congress had been doing poorly in Uttar Pradesh, holding only 10 of the 80 Lok Sabha seats in the state at the time.At the time, this move generated surprise among political commentators, who had regarded his sister Priyanka as being the more charismatic and likely to succeed. \r\n\r\nGandhi was appointed General Secretary of the All India Congress Committee on 24 September 2007 in a reshuffle of the party secretariat. In the same reshuffle, he was also given charge of the Indian.<div><br></div><div><b><font color="#00ced1">Youth Congress and the National Students&nbsp;</font></b></div><div>Union of India.In 2008, senior Congress leader Veerappa Moily mentioned "Rahul-as-PM" idea when the PM of India Manmohan Singh was still abroad.</div>', '1623828559452.jpg', 'In September 2007 when he was appointed general secretary in charge of the Indian Youth Congress (IYC) and the National Students Union of India (NSUI), Gandhi promised to reform youth politics.[44] In his attempt to prove himself thus, in November 2008 Gandhi held interviews at his 12 Tughlak Lane residence in New Delhi to handpick at least 40 people who will make up the think-tank of the Indian Youth Congress (IYC), an organisation that he has been keen to transform since he was appointed general secretary in September 2007.<div><br></div><div><div><b><font color="#00ced1">Youth Congress and the National Students&nbsp;</font></b></div><div>Union of India.In 2008, senior Congress leader Veerappa Moily mentioned "Rahul-as-PM" idea when the PM of India Manmohan Singh was still abroad.</div></div>', '1623829038428.jpg', '1431685845-pp.jpg', '1431685845-wp.jpg', 'https://www.facebook.com/India.RahulGandhi', 'https://twitter.com/bewithrg', 'https://instagram.com/rahulgandhi.inc/', 'https://www.linkedin.com/in/rahulgandhikabharat', 'Vice-President of the Indian National Congress ', '#07782f', NULL, NULL, NULL),
(4, 0, 5, 'ENG', '02222023059', 'http://www.bjp.org', NULL, '<div><div>MoS Maharashtra for industries and mining, environment, public works (excluding public undertakings) (BJP).&nbsp;</div><div>Guardian minister, Amravati district</div></div><div><br></div><div><br></div><div><br></div>', '0', '<br>', '0', 'State Minister, Industries and Mining, Environment, Public Works (excluding Public Undertakings).', '0', '1434973029-pp.jpg', '0', NULL, NULL, NULL, NULL, NULL, '#000000', NULL, NULL, NULL),
(5, 7, 8, 'ENG', '9226223355', 'http://www.rajnathsingh.in/', NULL, '<div>Rajnath Singh (born 10 July 1951) is an Indian politician belonging to the Bharatiya Janata Party (BJP) who currently serves as the Home Minister of India. He previously served as the Chief Minister of the state of Uttar Pradesh and as a Cabinet Minister in theVajpayee Government. He has also served as the President of the BJP twice, 2005–2009 and 2013–2014. He began his career as a physics lecturer and used his long-term connections with the nationalist organisation, Rashtriya Swayamsevak Sangh to become involved with the Janata Party.</div><div><br></div><div>Singh was born in the small village of Bhabhaura in Chandauli district of the Indian state of Uttar Pradesh in a Rajput family. His father was Ram Badan Singh and his mother was Gujarati Devi. He was born into a family of farmers and went on to secure a masters degree in physics, acquiring first division results from the Gorakhpur University. Rajnath Singh had been associated with the Rashtriya Swayamsevak Sangh since 1964, at the age of 13 and remained connected with the organisation even during his employment as a physics lecturer in Mirzapur. In 1974, he was appointed secretary for the Mirzapur unit of the Bharatiya Jan Sangh, predecessor of Bhartiya Janta Party.</div>', '1435840662-pdimg.jpeg', 'In 1975, aged 24, Singh was appointed District President of the Jana Sangh. In 1977, he was elected Member of Legislative Assembly from the Mirzapur constituency. He became the State President of the BJP youth wing in 1984, the National general secretary in 1986 and the National President in 1988. He was also elected into the Uttar Pradesh legislative council. \r\nIn 1991, he became Education Minister in the first BJP government in the state of Uttar Pradesh. Major highlights of his tenure as Education Minister included Anti-Copying Act, 1992, which made copying a non-bailable offence, rewriting history texts and incorporating vedic mathematics into the syllabus. In April 1994, he was elected into the Rajya Sabha (Upper House of the Indian Parliament) and he became involved with the Advisory committee on Industry (1994–96), Consultative Committee for the Ministry of Agriculture, Business Advisory Committee, House Committee and the Committee on Human Resource Development. On 25 March 1997, he became the President of the BJP\'s unit in Uttar Pradesh and in 1999 he became the Union Cabinet Minister for Surface Transport. \r\n\r\nIn 2000, he became Chief Minister of Uttar Pradesh and was twice elected as MLA from Haidergarh in 2001 and 2002. He tried to rationalise the reservation structure in government jobs by introducing the most Backward Classes among the OBC and SC, so that the benefit of reservation can reach the lowest status of Society. \r\n', '1435840662-poldimg.jpeg', 'In 2003, Singh was appointed as the Minister of Agriculture and subsequently for Food Processing in the NDA Government led byAtal Bihari Vajpayee, and was faced with the difficult task of maintaining one of the most volatile areas of India\'s economy. During this period he initiated a few epoch-making projects including the Kisan Call Centre and Farm Income Insurance Scheme. He brought down interest rates on Agriculture loans and also established Farmer Commission and initiated Farms Income Insurance Scheme. \r\nAfter the BJP lost power in the 2004 general elections, it was forced to sit in the Opposition. After the resignation of prominent figureLal Krishna Advani, and the murder of strategist Pramod Mahajan, Singh sought to rebuild the party by focusing on the most basicHindutva ideologies. He announced his position of "no compromise" in relation to the building of a Ram Temple in Ayodhya at any cost and commended the rule of Vajpayee as Prime Minister, pointing towards all the developments the National Democratic Alliance made for the ordinary people of India. He also criticised the role of the English language in India, claiming that it caused erosion of cultural values. \r\n\r\nOn 24 January 2013, following the resignation of Nitin Gadkari due to corruption charges, Singh was re-elected as the BJP\'s National President. \r\nHe contested the 2014 Lok Sabha elections from Lucknow constituency and was subsequently elected as a Member of the Indian Parliament. \r\nHe was appointed the Union Minister of Home Affairs in the Narendra Modi government and was sworn in on 26 May 2014.', '1435840662-socdimg.jpeg', '1435584230-pp.jpeg', '1435581944-wp.jpeg', 'RajnathSinghBJP', '<a class="twitter-timeline" href="https://twitter.com/BJPRajnathSingh" data-widget-id="616187569118687232" width="310"  height="450">Tweets by @BJPRajnathSingh</a>\r\n<script>!function(d,s,id){var js,fjs=d.getElementsByTagName(s)[0],p=/^http:/.test(d.location)?\'http\':\'https\';if(!d.getElementById(id)){js=d.createElement(s);js.id=id;js.src=p+"://platform.twitter.com/widgets.js";fjs.parentNode.insertBefore(js,fjs);}}(document,"script","twitter-wjs");</script>', NULL, NULL, NULL, '#07782f', NULL, NULL, NULL),
(6, 12, 13, 'ENG', '02261074681', 'http://www.nitingadkari.org/', 'null', '<p class="MsoNormal">Nitin Jairam Gadkari, born 27 May 1957, is an Indian politician and the current Transport minister under the BJP central cabinet in the 16th Loksabha. Mr Gadkari was appointed to head BJP in December 2009 after the party suffered a defeat in the general elections earlier that year. He is also known for the works during his tenure as a Public Works Department Minister in the state of Maharashta when he constructed a series of roads, highways and flyovers across the state including the Yashwantrao Chavan Mumbai–Pune Expressway.Nitin Gadkari was born in Nagpur, India. During his teens, he worked for the Bharatiya Janata Yuva Morcha and the student union Akhil Bharatiya Vidyarthi Parishad (ABVP).Gadkari is married to Kanchan Gadkari and they have three children. He currently lives in Nagpur close to the head office of Rashtriya Swayamsevak Sangh.</p>', '1623820949335.jpg', '<p class="MsoNormal" style="margin-bottom: 0.0001pt;">Nitin Gadkari served as the Minister of Public Works Department (PWD)\r\nof the Government of Maharashtra from 1995 to 1999 and restructured it from top\r\nto bottom. He has served as the president of the Maharashtra BJP. Nitin Gadkari\r\nwas seeking second term as Bhartiya Janta Party President but resigned from the\r\npost on 22 January 2013, due to irregularities in the firm Purti Group promoted\r\nby him.Many senior party leaders, such as Yashwant Sinha, were against the\r\nre-election of Nitin Gadkari.Gadkari contested 2014 Loksabha election successfully from Nagpur\r\nconstituency and won.He defeated Congress leader Vilas Muttemwar by margin of\r\n285,000.</p>', '1623820949339.jpeg', '<div>Mr. Gadkari completed several prestigious assignments in record time. His two achievements stand out in particular. He pioneered the concept of Public-Private partnership (PPP) in infrastructure development. The BOT (Build-Operate-Transfer) model has the basis of this concept. It is now implemented widely in India, thanks to this initiative large budgetary funds were made available for rural road development. The other is the up-gradation of norms for the construction industry. Completion of mega projects in a time bound frame, too, is his initiative. Establishment of a Maharashtra State Road Development Corporation (MSRDC) was one of his innovative initiatives through which funds were raised from open market for infrastructure projects for the first time in India.</div><div>Mr. Gadkari is also an agriculturist. He has promoted Water Management, Solar Energy Projects and the use of modern technology &amp; management tools in agriculture. He has a passion for bio-fuel and non-conventional sources of energy. His patronage to the social entrepreneurship has brought enormous development in the catchment areas of Nagpur region, notorious for farmers" suicide.</div><div>Mr. Gadkari has also carried out many social welfare projects in Vidarbha region including making several villages self-sufficient by solar energy, couple of thousand heart surgeries and solar rickshaws for the needy.</div><div><br></div>', '1623820949346.jpg', '1441791361-pp.jpg', '0', 'nitingadkary', '<a class="twitter-timeline" href="https://twitter.com/nitin_gadkari" data-widget-id="641612381336932352" width="310"  height="450">Tweets by @nitin_gadkari</a>\r\n<script>!function(d,s,id){var js,fjs=d.getElementsByTagName(s)[0],p=/^http:/.test(d.location)?\'http\':\'https\';if(!d.getElementById(id)){js=d.createElement(s);js.id=id;js.src=p+"://platform.twitter.com/widgets.js";fjs.parentNode.insertBefore(js,fjs);}}(document,"script","twitter-wjs");</script>', NULL, NULL, NULL, '#07782f', NULL, NULL, NULL),
(7, 15, 16, 'ENG', '9423684600', 'http://www.brijmohanagrawal.in', NULL, '<p class="MsoNormal">Brijmohan Agrawal born on 1<sup>st</sup> &nbsp;May 1959 which merrily coincides with the\r\nLabour Day he is a cabinet minister in the Bharatiya Janata Party ministry of\r\nChhattisgarh state of India. He is the education minister of Chhattisgarh.\r\nUntil 2013 he was minister of Public Works Department, School Education,\r\nEndowment, Culture, Legislative Affairs and Tourism Departments. Since\r\nthe 2013 reshuffle he has been Minister of Agriculture, Animal Husbandry, Fish\r\nRearing and Water Resources.</p>\r\n\r\n<p class="MsoNormal">Brijmohan Agarwalji\'s life has always been an inspirational\r\nsource for all of us. He has achieved the success by his dedication,\r\ndetermination and the commitment towards his work. The established business\r\nhouse of Raipur city has given all the facilities for the growth and the\r\ndevelopment of his political life. He have always followed the path of truth\r\nand sacrifice. He always fought for the cause of poor, downtrodden, women,\r\nchildren and abandoned people. For the economic and the overall development of\r\nthe state,he fought to decrease the gap between the upper and lower class of\r\nsociety. From his student life he worked for this vision. When he met with Shri\r\nAtal Bihari Vajpayee, he got a good support from him. Soon Shri Vajpayee became\r\nhis role model. He have served his whole service for the upliftment of the\r\nstate.</p>', '1443010268-pdimg.jpg', '<p class="MsoNormal">1977: Brijmohan Agarwal joined Bhartiya Janta Party. He\r\nbecame actively involved in students politics. </p>\r\n\r\n<p class="MsoNormal">1981-82:&nbsp; He became President of Durga Mahavidyalaya\r\nRaipur. In the same year he also became Chief Advisor of university student\r\nunion of Pt. Ravishankar Shukla University Raipur.</p>\r\n\r\n<p class="MsoNormal">1982-83:&nbsp; He was chosen to the past of President\r\nstudent union of kalian Mahavidyalaya, Bhilai. In the same year he became\r\nchairman of Agarwal youth boards a post on which he worked for eight years. He\r\nled the youth to do social work.</p>\r\n\r\n<p class="MsoNormal">1984: &nbsp;Brijmohan\r\nAgarwal became active member of Bhartiya Janta Party.</p>\r\n\r\n<p class="MsoNormal">1986:&nbsp; Witnessing his\r\nleadership and organizational acumen the party appointed him as youth minister\r\nof Bhartiya Janta Yuva Morcha .</p>\r\n\r\n<p class="MsoNormal">1988-90:&nbsp; Looking at\r\nhis contribution the party made him Vice-President of Bhatiya Janta Yuva\r\nMorcha.</p>\r\n\r\n<p class="MsoNormal">1988-92:&nbsp; While\r\nworking as vice president A Bhartiya Janta Yuva Morcha, he became member of and\r\nlater on he worked as in the Capacity Of Director.</p>\r\n\r\n<p class="MsoNormal">1989:&nbsp; He was elected\r\nUniversity Representative, Pt. Ravishankar Shukla University.</p>\r\n\r\n<p class="MsoNormal">1990:&nbsp; Breaking the\r\nstronghold of congress party Brijmohan Agarwal was elected as M.L.A of Bhartiya\r\nJanta Party from Raipur city. Since then his hard work, congenial native and\r\ninvolvement has made him win 1993,98,2003 and 2008Vidhan sabha elections. The\r\nmargin of victory keeps increasing in each election.</p>\r\n\r\n<p class="MsoNormal">1990: &nbsp;He was the\r\nyoungest M.L.A who was chosen to Legislative Assembly of undivided Madhya\r\nPradesh. The party and the then Chief Minister Sunder Lal Patwa included him in\r\nministry as minister local government (Independent Charge), science and\r\nTechnology and tourism.</p>\r\n\r\n<p class="MsoNormal">1991-94: He became secretary of Bhartiya Janta Yuva Morcha\r\n.In the same year Rotary International conferred on him honorary membership.</p>\r\n\r\n<p class="MsoNormal">1993:&nbsp; He was\r\nappointed General Secretary of Bhartia Janta Yuva Morcha . In the same was\r\nelected as a M.L.A. He was also nominated as member of Privileges committee.</p>\r\n\r\n<p class="MsoNormal">1998: &nbsp;Brijmohan\r\nAgarwal at the position of chief whip of BJP Legislative Party worked as a\r\nminister of BJP state working committee public undertaking committee. He also\r\nheld the important position of member National Executive of Bhartia Janta Yuva\r\nMorcha.</p>\r\n\r\n<p class="MsoNormal">2000: He was elected as a M.L.A from Raipur and worked as a\r\nmember of public accounts committee and member of Business Advisory committee\r\nof Chhattisgarh Vidhan Sabha.</p>\r\n\r\n<p class="MsoNormal">2003:&nbsp; He became M.L.A\r\nfrom Raipur city and includes in the cabinet as minister Home, Prison, Culture\r\nand Tourism.</p>\r\n\r\n<p class="MsoNormal">2005:&nbsp; He became\r\nMinister-Revenue, culture and tourism, Law, Rehabilitation.</p>\r\n\r\n<p class="MsoNormal">2006:&nbsp; Additional\r\ncharge of forest, sports and youth Affairs was given to him.</p>\r\n\r\n<p class="MsoNormal">2008:&nbsp; He became\r\nminister of School Education, Public Works Department, Parliamentary Affairs,\r\nTourism and Endowment Trust Culture under the Government of Chhattisgarh.</p>\r\n\r\n<p class="MsoNormal">2013: He became minister of of Agriculture, Animal\r\nHusbandry, Fish Rearing, Water Resources under the Government of Chhattisgarh.</p>', '1443009961-poldimg.jpg', '<p class="MsoNormal">Agarwal joined Akhil Bharatiya Vidyarthi Parishad (ABVP) in\r\n1977 that saw his entry in student politics. Thereafter, he became actively\r\ninvolved and held key positions in students’ politics. He became President of\r\nthe Agarwal Yuva Mandal in 1980 and continued till 1985. From 1981 to 1982, he\r\nwas President of his college, Durga Mahavidyalaya in Raipur, and also was Chief\r\nAdvisor of the University Student Union of Pt. Ravishankar Shukla University,\r\nRaipur. From 1982 to 1983, he was the President of Kalyan College Student Union\r\nin Bhilai. Later in 1984, he became an active member of Bharatiya Janata Party.</p>', '1442228015-socdimg.JPG', '1442999690-pp.jpg', '0', 'brijmohanagrawal.official', '<a class="twitter-timeline" href="https://twitter.com/brijmohan_cg" data-widget-id="646616071131140096" width="310"  height="450">Tweets by @brijmohan_cg</a>\r\n<script>!function(d,s,id){var js,fjs=d.getElementsByTagName(s)[0],p=/^http:/.test(d.location)?\'http\':\'https\';if(!d.getElementById(id)){js=d.createElement(s);js.id=id;js.src=p+"://platform.twitter.com/widgets.js";fjs.parentNode.insertBefore(js,fjs);}}(document,"script","twitter-wjs");</script>', NULL, NULL, NULL, '#07782f', NULL, NULL, NULL),
(8, 16, 17, 'ENG', '9423684600', 'http://cm.bih.nic.in/', NULL, NULL, '0', NULL, '0', NULL, '0', '0', '0', 'NitishKumarJDU', NULL, NULL, NULL, NULL, '#000000', NULL, NULL, NULL),
(9, 17, 18, 'ENG', '9423684600', 'http://rajyavardhanrathore.in/', NULL, '<p class="MsoNormal" style="margin-bottom: 0.0001pt;">Rajyavardhan Singh Rathore was born in Jaisalmer (Rajasthan) on January 29, 1970, as his maternal grandfather was posted there. He is a Rathore (bika) descendant of the first king of Bikaner Rao Bikaji. He belongs to a Rajput family based in Bikaner.</p><p class="MsoNormal" style="margin-bottom: 0.0001pt;">Colonel Rajyavardhan Singh Rathore is an Veteran Indian shooter and politician (union minister), who rose to fame after winning the Silver Medal in Men\'s Double Trap at the 2004 Summer Olympics in Athens. He is the first sportsperson to win individual Silver for India since Norman Pritchard, who won two Silver Medals at the 1900 Paris Olympics. Rathore hails from Jaisalmer, Rajasthan.</p><p class="MsoNormal" style="margin-bottom: 0.0001pt;">Rathore graduated from the National Defence Academy, and since served in the Indian Army where he retired as a Colonel in 2013, before joining politics. He is a member of the Bharatiya Janata Party. He won his first Lok Sabha election in 2014 and is currently the Minister of State for Ministry of Information and Broadcasting under the Narendra Modi government.</p>\r\n	', 'Array', '<p class="MsoNormal" style="margin-bottom: 0.0001pt;">On 10 September 2013, Rathore joined Bharatiya Janata Party after\r\ntaking voluntary retirement from the Indian Army. He was elected as a MP in the\r\n2014 Lok Sabha election from Jaipur Rural constituency. On 9 November 2014, he\r\nwas sworn-in as the Minister of State for Information &amp; Broadcasting, under\r\nthe Narendra Modi government. </p>\r\n\r\n<p class="MsoNormal" style="margin-bottom: 0.0001pt;"><o:p>&nbsp;</o:p><u>Achievements</u></p><p class="MsoNormal" style="margin-bottom: 0.0001pt;"><u><br></u></p><ul style="margin-top:0in" type="disc">\r\n <li class="MsoNormal">1989- Blazer\r\n     (Highest sports award at the National Defence Academy, Pune, India).<o:p></o:p></li>\r\n <li class="MsoNormal">1990 -\r\n     Sword of Honour (For the Best All Round Officer Cadet at the Indian\r\n     Military Academy).<o:p></o:p></li>\r\n <li class="MsoNormal">1990 -\r\n     Sikh Regiment Gold Medal (For the Best Sportsmen at the Indian Military\r\n     Academy).<o:p></o:p></li>\r\n <li class="MsoNormal">2004-2005\r\n     - the Rajiv Gandhi Khel Ratna (Highest Sporting Honour of India).<o:p></o:p></li>\r\n <li class="MsoNormal">2003-2004\r\n     - Arjuna Award<o:p></o:p></li>\r\n <li class="MsoNormal">Rathore\r\n     is a recipient of the Padma Shri, a civilian award from the Government of\r\n     India<o:p></o:p></li>\r\n <li class="MsoNormal">Ati\r\n     Vishisht Seva Medal (AVSM), military award for exceptional service, presented\r\n     by the President of India on behalf of the Government of India.<o:p></o:p></li>\r\n <li class="MsoNormal">Rathore\r\n     was the chosen flag bearer for India during the 2008 Summer Olympics in\r\n     Beijing, China.<o:p></o:p></li>\r\n <li class="MsoNormal">Rathore\r\n     was the chosen flag bearer for India during the 2006 Commonwealth Games in\r\n     Melbourne, Australia.</li></ul>\r\n\r\n<p class="MsoListParagraphCxSpFirst" style="margin-bottom: 0.0001pt; text-indent: -0.25in;"><br></p><p class="MsoListParagraphCxSpFirst" style="margin-bottom: 0.0001pt; text-indent: -0.25in;"><br></p>', 'Array', '<div>Colonel Rajyavardhan Singh Rathore is an Veteran Indian shooter and politician (union minister), who rose to fame after winning the Silver Medal in Men\'s Double Trap at the 2004 Summer Olympics in Athens.[1] He is the first sportsperson to win an individual Silver for India since Norman Pritchard, who won two Silver Medals at the 1900 Paris Olympics.[2] Rathore hails from Jaisalmer, Rajasthan.</div><div><br></div><div>Rathore graduated from the National Defence Academy, and since served in the Indian Army where he retired as a Colonel in 2013, before joining politics. He is a member of the Bharatiya Janata Party.[3] He won his first Lok Sabha election in 2014 and is currently the Minister of State for Ministry of Information and Broadcasting under the Narendra Modi government.</div>', '1451971358-socdimg.jpg', '1443015542-pp.jpg', '1442234701-wp.jpg', 'chillyrathore', '<a class="twitter-timeline" href="https://twitter.com/Ra_THORe" data-widget-id="646617054674485248" width="310"  height="450">Tweets by @Ra_THORe</a>\r\n<script>!function(d,s,id){var js,fjs=d.getElementsByTagName(s)[0],p=/^http:/.test(d.location)?\'http\':\'https\';if(!d.getElementById(id)){js=d.createElement(s);js.id=id;js.src=p+"://platform.twitter.com/widgets.js";fjs.parentNode.insertBefore(js,fjs);}}(document,"script","twitter-wjs");</script>', NULL, NULL, NULL, '#07782f', NULL, NULL, NULL),
(10, 22, 23, 'ENG', '0771 2331000', 'http://www.drramansingh.in/', NULL, '<div>Raman Singh (born 15 October 1952) is an Indian politician and is the Chief Minister of Chhattisgarh state since 7 December 2003. He is a member of the Bharatiya Janata Party.</div><div><br></div><div>Raman Singh was born on 15 October 1952 in a Rajput family. His father being Vighnaharan Singh Thakur and his mother, Sudha Singh. He is a doctor of Ayurvedic Medicine and is married to Veena Singh. His son Abhishek is a qualified mechanical engineer and currently serving as Member of Parliament from Rajnandgaon constituency and his daughter Asmita is a practising dental surgeon.</div><div><br></div><div>Raman Singh is a member of the Rashtriya Swayamsevak Sangh.</div>', '1450162789-pdimg.jpg', '<p class="MsoNormal">Dr. Raman Singh joined the Bharatiya Jan Sangh as a youth member and was the president of youth wing in Kawardha in 1976-77.</p><p class="MsoNormal">He progressed to become a councilor of Kawardha municipality in 1983.</p><p class="MsoNormal">He was elected to Madhya Pradesh Legislative Assembly consecutively in 1990 and 1993.</p><p class="MsoNormal">In 1999 he was elected to the 13th Lok Sabha from the Rajnandgaon constituency in Chhattisgarh. In the government of Atal Bihari Vajpayee, Singh became the Union Minister of State for Commerce and Industry from 1999 to 2003. He was later named as President of the Bharatiya Janata Party (BJP) in the new state of Chhattisgarh, and led the party to a victory in the 2003 state Assembly elections. With the other main contender for the Chief Minister\'s post, Dilip Singh Judeo, caught in the midst of a scam, the BJP leadership named Raman Singh as Chhattisgarh\'s second Chief Minister, and the first person to be elected to that post.</p><p class="MsoNormal">He has received praise for his organizational abilities, as reflected in his state\'s position with regard to implementation of a programme to improve the conditions of Scheduled Tribes and Scheduled Castes. The United Nations has also recognised the work done in Chhattisgarh under his leadership and the fiscal management of the state is another aspect for which he is known.</p><p class="MsoNormal">He banned naxalite organisations in Chhattisgarh in 2005 under the "Salwa Judum" initiative, a move supported by the opposition party as well, led by Mahendra Karma who was assassinated by naxalites on 25 May 2013. Singh was sworn in for his second term on December 12, 2008. On 8th Dec 2013 he has been re elected as the chief minister of the state.</p><p class="MsoNormal">He successfully won election 2013 for his 3rd tenure as a CM of Chhattisgarh.</p>', '1450162789-poldimg.jpg', '<div>Raman Singh (born 15 October 1952) is an Indian politician and is the Chief Minister of Chhattisgarh state since 7 December 2003. He is a member of the Bharatiya Janata Party.</div><div><br></div><div>Raman Singh was born on 15 October 1952 in a Rajput family. His father being Vighnaharan Singh Thakur and his mother, Sudha Singh. He is a doctor of Ayurvedic Medicine and is married to Veena Singh. His son Abhishek is a qualified mechanical engineer and currently serving as Member of Parliament from Rajnandgaon constituency and his daughter Asmita is a practising dental surgeon.</div><div><br></div><div>Raman Singh is a member of the Rashtriya Swayamsevak Sangh.</div>', '1450162789-socdimg.jpg', '1450162789-pp.jpg', '1450162789-wp.jpg', 'drramansingh.official', '<a class="twitter-timeline" href="https://twitter.com/drramansingh" data-widget-id="687162390887071744" width="310"  height="450">Tweets by @drramansingh</a>\r\n<script>!function(d,s,id){var js,fjs=d.getElementsByTagName(s)[0],p=/^http:/.test(d.location)?\'http\':\'https\';if(!d.getElementById(id)){js=d.createElement(s);js.id=id;js.src=p+"://platform.twitter.com/widgets.js";fjs.parentNode.insertBefore(js,fjs);}}(document,"script","twitter-wjs");</script>', NULL, NULL, 'Chief Minister of Chattisgarh', '#06792f', '1450162789-hbg.jpg', NULL, NULL),
(11, 0, 26, 'ENG', '2266188', 'http://tarungogoi.in/index.php', NULL, '<div>Shri Tarun Gogoi was born on October 11, 1934 at Rangajan Tea Estate in Jorhat district. He was a student of J.B. College, Jorhat wherefrom he took his B.A. Degree. He studied Law and took LLB Degree from Guwahati University. Shri. Gogoi started his career as a lawyer and simultaneously engaged himself in socio-political activities. Since student-life, qualities of leadership were evident in him when he held important positions in Students\' Unions including Commandership of Students\' Volunteer Corps.</div><div><br></div><div>Shri. Gogoi is a widely-traveled man. His favorite pastime is reading and gardening. He loves sports too. He married Smt. Dolly Gogoi in 1972 and they are blessed with a son and a daughter.</div><div><br></div><div>Shri. Gogoi is elected as Member of Assam Legislative Assembly on 13th May&nbsp;2011 and assumed the office of the Chief Minister, Assam on 18th May&nbsp;2011.</div><div><br></div><div>Shri. Gogoi, during his colorful career, also adored important positions as Director of Vayudoot, Member of Bar Council of Assam and Chairman, Assam small Industries Development Corporation.</div>', '1454051333-pdimg.jpg', '<div>• In 1968, Shri. Gogoi was elected as a member of Jorhat Municipal Board. By this time, he established his guts as a capable youth leader of Assam. Late Prime Minister Indira Gandhi spotted this promising young talent and in 1971 entrusted him with the responsibility of organizing the youth community of the State. In that year itself i.e. 1971, Shri. Gogoi was elected to the 5th Lok Sabha. In 1976, he became the Joint Secretary of All India Congress Committee. He was re-elected to the 6th Lok Sabha in 1977. Then again, he was re-elected to the 7th Lok Sabha in 1983 and he became the Joint Secretary of AICC up to 1985. He became the General Secretary of All India Congress Committee in 1985. During 1986-90, he served as the President of Assam Pradesh Congress (I) Committee.</div><div><br></div><div>• For the 4th time, he was elected to the 10th Lok Sabha in 1991.</div><div><br></div><div>• During 1991-93, he was the Union Minister of Food (Independent Charge). From 1993 to 1995, he held the portfolio of Food Processing Industry as the Union Minister of State (Independent Charge).</div><div><br></div><div>• During 1997-98, he was elected Member of Assam Legislative Assembly from Margherita Constituency. He was elected as a Member of Parliament for the fifth time in 1998 to the 12th Lok Sabha. Again in 1999, Shri. Gogoi was re-elected to the 13th Lok Sabha. This is his sixth tenure as a Member of Parliament. Since 1996, he has been the President of the Assam Pradesh Congress Committee.</div><div><br></div><div>• Shri. Tarun Gogoi assumed the office of Chief Minister, Assam on 18th May 2001. In the month of September 2001 he has also been elected as Member of Assam Legislative Assembly.</div><div><br></div><div>• Shri. Gogoi was elected as Member of Assam Legislative Assembly on 11th May 2006 and he assumed the office of Chief Minister, Assam on 14th May 2006.</div><div><br></div><div>• Shri. Gogoi is elected as Member of Assam Legislative Assembly on 13th May 2011 and he assumed the Office of the Chief Minister, Assam on 18th May 2011.</div>', '1454051544-poldimg.jpg', '<div>Shri Gogoi had traveled many countries. His favorite pastime is reading and gardening. He also has a flair for sports like Golf, Cricket, Football and Tennis.</div><div><br></div><div>Shri. Gogoi held the following positions:&nbsp;</div><div>• Director, Vayudoot</div><div>• Chairman, Assam Small Scale Industries Development Corporation</div><div>• Vice-President J.B. College Students\' Union</div><div>• Vice-President, Inter College Students\' Union</div><div>• Joint Secretary, Jorhat Law College</div><div>• Commander, Students\' Volunteer Corps</div><div><br></div><div>Social and cultural activities:</div><div>• Treasurer, All Assam Moina Parijat &amp; Children\'s Organizations&nbsp;</div><div>• Chairman, Bharat Yuvak Samaj.</div>', '1454051333-socdimg.jpg', '0', '0', 'OfficialTarunGogoi', '<a class="twitter-timeline" href="https://twitter.com/tarun_gogoi" data-widget-id="692711972043796480"  width="310"  height="450">Tweets by @tarun_gogoi</a>\r\n<script>!function(d,s,id){var js,fjs=d.getElementsByTagName(s)[0],p=/^http:/.test(d.location)?\'http\':\'https\';if(!d.getElementById(id)){js=d.createElement(s);js.id=id;js.src=p+"://platform.twitter.com/widgets.js";fjs.parentNode.insertBefore(js,fjs);}}(document,"script","twitter-wjs");</script>', NULL, NULL, NULL, '#06792f', NULL, NULL, NULL),
(12, 0, 29, 'ENG', '9890811111', 'http://jagdishmulik.com/', NULL, '<p class="MsoNormal"><span style="font-family:&quot;Mangal&quot;,&quot;serif&quot;">Jagdish Mulik is\r\nan MLA of Wadgaon Sheri, Pune from BJP. People from Pune are already\r\nfamiliar with this family. <o:p></o:p></span></p>\r\n\r\n<p class="MsoNormal"><span style="font-family: Mangal, serif;">The Mulik family\r\nwas known in Vadgaon for doing their business with honesty and integrity. While\r\ndoing business, you also owe to your community and nation and you should try\r\nyour best to do some community service and social commitment according to the\r\nrites. Jagdish Mulik began his work from BJP on a variety of topics.</span></p>\r\n\r\n<p class="MsoNormal"><span style="font-family: Mangal, serif;">He attributed\r\nthis work with zeal and determination in Pune Municipal Corporation. He also\r\nworked on tree conservation committee and left an ever lasting impression. He\r\nbegan his career as small activist from the beginning and today lead the\r\npeople of the as city party secretary.</span></p>\r\n\r\n<p class="MsoNormal"><span style="font-family: Mangal, serif; font-size: 11pt;">In the 2014 assembly elections, people from Vadagaon Sheri assembly (constituency) elected him by majority and gave him the\r\nopportunity to work as a youngest legislator from Western Maharashtra.</span></p>', '1459337591-pdimg.jpg', '<p class="MsoNormal">2011: General Secretary of BJP Yuva Morcha student Agadi,\r\nPune City </p>\r\n\r\n<p class="MsoNormal">2005: State Executive Member of Maharashtra BJP Yuva Morcha </p>\r\n\r\n<p class="MsoNormal">2005: Member of BJP Yuva Morcha Tree Conservation Committee</p>\r\n\r\n<p class="MsoNormal">2005: State Vice President of Maharashtra BJP Yuva Morcha </p>\r\n\r\n<p class="MsoNormal">2011: Secretary of Pune city BJP </p>\r\n\r\n<p class="MsoNormal">2013: General Secretary of Pune city BJP</p>\r\n\r\n<p class="MsoNormal">2014: MLA, Vadgaonsheri Assembly</p>', '1459337591-poldimg.jpg', '<p class="MsoNormal">Jagdish Mulik is working honestly and selflessly for the people of Vadgaon Sheri Constituency. He is completely involved in &nbsp;resolving problems of citizen\'s need such a road, water, and try to be honest in\r\nall aspects. He is also trying hard for improving electricity, transport, health, cleaning issues and doing various\r\ndevelopment works. He also funds the government\'s groups and other groups doing social activities.</p>', '1459337591-socdimg.jpg', '0', '0', 'jagdish.mulik.7', NULL, NULL, NULL, NULL, '#06792f', NULL, NULL, NULL),
(13, 29, 30, 'ENG', '9422769444', 'http://voterfirst.com/', NULL, NULL, '1462371012-pdimg.gif', NULL, '1459496044-poldimg.jpeg', NULL, '1459495963-socdimg.jpg', '1459495963-pp.jpg', '0', 'narhari.zirwal', NULL, NULL, NULL, NULL, '#06792f', NULL, NULL, NULL),
(14, 30, 31, 'ENG', '9422507011', 'http://voterfirst.com', NULL, '<div>Name: R. N. Patel</div><div>Staff Number.: 08074</div><div>Date of Birth: 28/12/1959</div><div>Qualifications: B.E. (Electronics)</div><div>Date of Entry in the Department: 17.09.1984</div><div>Entered in Department as: ADET</div><div>Field of Specialization: Transmission</div><div>Present Grade &amp; Continuous Appointment: SAG, w.e.f 13.6.2003</div><div>Present Post: Sr. General Manager, Nagpur Telephone District w.e.f 10/06/2013</div>', '0', '<div>Shri R.N. Patel joined the Nagpur Telecom District in June 2013 and is working in the capacity of Head of Telecom. District, Nagpur.</div><div><br></div><div>Shri Patel had a brilliant academic career. He did B.E. in Electronics in 1982 from Maulana Azad College of Technology (presently re-christened as Maulana Azad National Institute of Technology) Bhopal. He belongs to the 1982- Batch of the I.T.S. cadre which he qualified through Union Public Service Commission. During the period from 1982 to joining the Dept. of Telecom. He served in U.P. Electronics for 4 months and with the Oil and Natural Gas Commission, Ahmedabad for about one year and eight months.</div><div><br></div><div>While serving as Telecom Engineer-cum-Manager, he worked in various fields and units of Telecommunications, which includes Projects, Operation and Maintenance of Switching and Transmission, Wireless Mobile services, i.e., GSM and CDMA Technology and also has the distinction of serving in the capacity of General Manager Telecom. Dist. at Indore (Madhya Pradesh), Nadiad (Gujarat) and is presently at the helm of affairs Telecom. Services at Nagpur as Sr. General Manager, Telecom. District, Bharat Sanchar Nigam Ltd.</div><div><br></div><div>He has specialized in Long Distance Transmission and Telecom. Traffic Management. On behalf of the Government of India, he had the opportunity to travel abroad on deputation on overseas training for specialization in International Traffic Management at Tokyo, Japan. He had delivered lectures at Symbiosis Pune on Spectrum Management and Telecom. Management.</div>', '0', '<div>Shri is a die-hard workaholic, deeply dedicated to his career, he also has keen interest in sports and music. In his college days he participated in Hockey and Volleyball tournaments. Presently he plays Lawn Tennis and has the credit of representing Madhya Pradesh Telecom Circle in All India B.S.N.L. Sports Tournament five times.</div><div><br></div><div>He has been conferred the Life Membership of Indian Institute of Public Administration, New Delhi and is a Fellow Member of Institute of Engineers and Telecommunication Engineers, &nbsp;New Delhi.</div>', '0', '0', '0', NULL, NULL, NULL, NULL, NULL, '#000000', NULL, NULL, NULL),
(15, 31, 32, 'ENG', '07312570067', 'http://bhaiyyumaharaj.com/', 'Every element of this world is temporary. If anything is timless, they are the thoughts and views. When considerations are based on spirituality, they remain for ages!', '<div>Param Pujya Rastra Sant, Shri Udaysingh Deshmukh, better known as Bhaiyyu Maharaj, is a Saint by all the dictionary definitions, The handsome, well built, charismatic, learned, talented and gifted Guru is in his early thirties and has been well recognized as the Rastra Saint (“राष्ट्र संत”), from his age of five The Saint is always compassionate towards the woes and worries of the people. The woes and worries could be physical, spiritual or otherwise; but a Saint is concerned about providing solace to the difficulties faced by the common man. Param Pujya Bhaiyyu Maharaj performs each and every of these but does some things neigh many more than these.</div><div><br></div><div>Uday Singh Deshmukh (born 29 April 1968) usually known as Bhaiyyu Maharaj &amp; Gurudev, is a spiritual guru &amp; founder of Shri Sadguru Datta Dharmik Evam Paramarthik Trust Indore which aims at serving humanity in various ways. He is well known among Political circles of Maharashtra, Madhya Pradesh &amp; Gujrat. Under his guidance the trust does a huge amount of work to uplift the backward, downtrodden &amp; poor sections in states of Maharashtra, Madhya Pradesh &amp; Gujarat.</div><div><br></div><div>At the age of 37, he is considered one of the youngest spiritual teachers in the world. We are the blessed and the most fortunate ones to be under the spiritual guidance of Guru Bhaiyyu Maharaj.Bhaiyyu Maharaj has set up Ashrams in various cities in Maharashtra and Madhya Pradesh. The main Ashram situated in Indore, SHRI SADGURU DATTA DHARMIK EVAM PARMARTHIK TRUST, located at BH-16, Pandit Dindayal Upadhyay Nagar (Bharat Mata Mandir) Sukhlia, Indore. The Ashram is a center where numerous spiritual and social projects and discussions are continuously held. Hundreds of devotees visit the Ashram to pay their respects and receive his blessings. It is strongly believed (and experienced) by his devotees that Bhaiyyu Maharaj looks to the welfare of his devotees. There are many instances reported by his devotees and disciples of his appearing in their midst during crises.</div><div><br></div><div>Bhaiyyu Maharaj has his headquarters in Indore, though he does not stay here always. He mainly tours Maharashtra for development of projects where he has numerous disciples and devotees who organize discourses on spiritual and practical ways of life.</div><div><br></div><div>Awards Won:</div><div>(1) Doctor of Literature from the D. Y. Patil University, (Kolhapur) 2016</div><div>(2) Ahinsha Ratan Award, 2013</div><div>(3)Rajiv Gandhi Excellence Award, 2014&nbsp;</div><div>(4)Vidharbh Bhooshan Award, 2016</div><div>(5) Indore Ratan Award, 2015</div>', '0', '<div>Principles bring concentration in life. Principles get Ganga in our life by way of concentration and aim. The Ganga brings fulfillment by continuous pleasure and generate self-satisfaction in life. Everybody wants that his life to be peaceful and contended. One decides principles with reference to need of epoch, that it be aim of attainment of supreme lord or aim of service of society. Everyone does have principles in life. The one whose principles are based on human values and think about social welfare are called as seers on this earth. Param Pujya Gurudev always thinks about welfare of society.&nbsp;</div><div><br></div><div>Gurudev though looks simple in behavior, but observes the following principles profoundly.&nbsp;</div><div>•&nbsp;For achieving good aim positive thinking is essential.&nbsp;</div><div>•&nbsp;To bring subtleness in practice it is essential to have source of temperament i.e. Bhav Tatva.&nbsp;</div><div>•&nbsp;One shall not permit devaluation of character.&nbsp;</div><div>•&nbsp;One shall not use abusive language to anybody.</div><div>•&nbsp;By way of Sankaras we can get rid of bad values and bad deeds from our consciousness.&nbsp;</div><div>•&nbsp;Youth is the most precious wealth of nation.</div><div>•&nbsp;The development of character of persons should go beyond religion, caste, sects or political associations.</div><div>•&nbsp;Personality development of child gets triggered first from home&nbsp;</div><div>•&nbsp;In personal life, instead of running after glittering materialism one should balance the situation.</div><div>•&nbsp;Try to build character. Don’t waste life for just lust, desires and greed.&nbsp;</div><div>•&nbsp;Understand the purpose of your life and make it meaningful for others too.</div>', '0', '<div>Dharma of sun is to impart energy to universe as soon it rises. Magnanimity of its light is bestowed upon both living and unanimated equally. Suns rays swallow darkness of life.</div><div><br></div><div>Sun is inspiration and symbol for the detached actions (Nishkam Karma). Sun never bothers about who is benefited by its rays of light. Sun is goddess exemplifying sacrifice, dedication, magnificence, service and detached action. Inspired by suns goodness, in this short life span let us do some good work for meaningful existence in society. Similarly duty of mankind is a chain of personnel relationship, strong base, warmth, love and self respect which joins them together as well as fulfills nation, society and humanism.</div><div><br></div><div>Today there are many problems and misfortunes in society. Which are like gloom of darkness surrounds all of us. We need energy of virtues (Sadgunas) to come out of such glooms. We need to adopt work approach based on virtues by which not only we can develop ourselves but also society and nation. Today above thoughts can be imbibed and strengthen by elderly persons shouldering their responsibility and younger ones as their duty. Wherever caste based political leadership is at the center stage, development cannot follow right kind of trajectory. Our small quantum of effort in right direction can be immensely helpful in development of society. We need to enhance the horizons of our thinking. We are born on this land, family and society has supported us, also ignited lamp of values so as to create true personality. If so then we need to think about our society and guide our efforts for its development. Egoless person can only work for society, nation and humanity. One can understand others only if himself devoid of ego.</div><div><br></div><div>Let us together create India, where every household is full of bliss and enlightened by the light of values welcoming sunrise (Suryodaya). This is our Suryodaya Dharma.</div>', '1622795171-socdimg.jpg', '0', '0', 'bhaiyyumaharaj', '<a class="twitter-timeline"  href="https://twitter.com/search?q=bhaiyujimaharaj" data-widget-id="743062506583658498">Tweets about bhaiyujimaharaj</a>\r\n            <script>!function(d,s,id){var js,fjs=d.getElementsByTagName(s)[0],p=/^http:/.test(d.location)?\'http\':\'https\';if(!d.getElementById(id)){js=d.createElement(s);js.id=id;js.src=p+"://platform.twitter.com/widgets.js";fjs.parentNode.insertBefore(js,fjs);}}(document,"script","twitter-wjs");</script>', NULL, NULL, NULL, '#ff9300', NULL, NULL, NULL),
(16, 32, 33, 'ENG', '9999999999', 'http://voterfirst.com/', NULL, NULL, '0', NULL, '0', NULL, '0', '0', '0', NULL, NULL, NULL, NULL, NULL, '#000000', NULL, NULL, NULL);
INSERT INTO `cmsclientdetails` (`CMSClientDetailID`, `CMSUserPersonalDetailID`, `CMSUserAuthenticationID`, `LanguageCode`, `CMSClientUniquePhone`, `CMSClientURL`, `visionmission`, `CMSClientPersonalDescription`, `CMSClientPersonalImgPath`, `CMSClientPoliticalDescription`, `CMSClientPoliticalImgPath`, `CMSClientSocialDescription`, `CMSClientSocialImgPath`, `CMSClientProfilePicture`, `CMSClientWallpaper`, `CMSClientFBID`, `CMSClientTWID`, `CMSClientINSTID`, `CMSClientLINKID`, `CMSClientJobTitle`, `CMSClientThemeColor`, `CMSClientHomeBGPath`, `CMSClientInternalBGPath`, `CMSClientDescriptionBanner`) VALUES
(17, 34, 34, 'ENG', '9762411111', 'http://voterfirst.in', '<div>Till date development works such as Concrete Roads,Plenty Drinking Water,Wi-Fi &amp; CCTV camera in village, Clean and garbage free village,Street Lights,Drainage Line,Fully Air Condition Z.P.Schools,Women’s security, Youth Employment, Small Garden and benches for elders peoples and children and many things have been completed in &nbsp;Narhegaon.Rather than politics Sarpanch mostly concentrate on Social Development and Public Welfare.</div>', 'Name: Bhushan Rohidas Ranawade (Patil)<br>DOB: 08/05/1988<br>Childhood: Narhegaon<br><br>He had two Younger Sisters &amp; mother in his family. From childhood onwards he was doing farming before getting elected and his whole family was dependent on him.<br><br>Personal Achievement: He made a record at the age of 24 as he was elected as Sarpanch of the Narhegaon Grampanchayat. In his life he faced struggles as he was the earning person in his family. Even though he worked as a farmer, he also completed his education side by side. Village was poor and had no funds until he become Sarpanch. Later when he got elected as Sarpanch, he made an efforts and make his Grampanchayat as Adarsh-Grampanchayat which made a turnover of Grampanchayat till date. He made a clean, green &amp; a digital village having more than 1,00,000 people.', '1467463173-pdimg.JPG', 'He made an Adarsh - Grampanchayat &amp; made a turnover of Grampanchayat up to . till today. He made a clean, green &amp; a digital village having more than 1.00.000 people. Development of Narhegaon is the main vision of The Sarpanch.So he made 80% concrete roads,Digital Village and also making efforts for green,healthy and clean Narhegaon.&nbsp;', '1469015847-poldimg.jpg', '<b>The social problems of the citizens has been a priority of The Sarpanch.After Becoming Sarpanch he made various social activities in the Narhegaon.</b><div><br></div><div><b>1)Concrete Roads:-</b> Upto <b>80%</b> roads are now Concrete Roads.Sarpanch decided to make his village roads fully concrete road and remaining 20% roads are proposed to become concrete road.</div><div><br></div><div><b>2)Drinking Water:-</b> Drinking water is basic need of Human.So Sarpanch made a good management to avail sufficient drinking water in each house.Now about 38 lakhs drinking water line from Vadgaon Canal to Narhegaon is in Progress.Upto 50% work of it is done.</div><div><br></div><div><b>3)Wi-fi And CCTV Cameras:-</b> Now technology is developing very fastly.So Sarpanch also decided make his village digital.So he started <b>open and free wifi </b>facility for every person.Also to avoid crimes and increasing safety of womens Sarpanch decided to fix <b>CCTV cameras</b> in each corner of Narhegaon.Total <b>52 Cameras</b> are <b>24 x 7</b> keeping watch on each and every movement.</div><div><br></div><div><b>4)Clean and Garbage Free Narhegaon</b>:- For keeping narhegaon clean and garbage free sarpanch makes social awareness programmes and rallies.And main thing to avoid garbage they provided garbage collecting cars.Also his creative mind develop an idea to keep watchman\'s to avoid garbage.This watchman helps to avoid garbage in open place also helps in increasing Security of Narhegaon. There are <b>17&nbsp;watchman\'s</b>&nbsp;are keeping <b>24 X 7</b> watch to avoid Garbage.</div><div>&nbsp;</div><div><b>5)Underground Drainage :-</b>Main Development of any village is depend on its drainage facility.So this point continuously flashes in a mind of Sarpanch Bhushan Ranawade Patil.So he Concentrated on drainage system of Narhe Gaon.Sarpanch first make proper plan of drainage system with the help of workers and peoples of Narhe Gaon.And after making plan Sarpanch struggles and make a large fund availability of funds for drainage line.after sanctioning fund drainage work started very fast and now Narhegaon\'s drainage system is an inspirational system for other village.About <b>75% drainage lines are underground.</b></div><div><div><br><br></div></div>', '1469015847-socdimg.jpg', '1467463173-pp.jpg', '0', 'BhushanRanwade', NULL, NULL, NULL, NULL, '#54ab73', NULL, NULL, NULL),
(19, 0, 35, 'ENG', '09893309757', 'https://www.facebook.com/girish.sharma.581730?fref=ts', '<span style="font-size:11.0pt;font-family:&quot;Calibri&quot;,&quot;sans-serif&quot;;\r\nmso-ascii-theme-font:minor-latin;mso-fareast-font-family:Calibri;mso-fareast-theme-font:\r\nminor-latin;mso-hansi-theme-font:minor-latin;mso-bidi-font-family:&quot;Times New Roman&quot;;\r\nmso-bidi-theme-font:minor-bidi;mso-ansi-language:EN-US;mso-fareast-language:\r\nEN-US;mso-bidi-language:AR-SA">In the region of Bhopal Girls College and Govt.\r\nHospital- Bhopal people should get all basic Facilities. I will give Better\r\neducation, health and more employment. I will make sure that the children of\r\npoor and middle class will get good education.</span>', '<div>Date of Birth:- 10/07/1976</div><div>Birth location:- Bhopal</div><div>Childhood:- Bhopal&nbsp;</div><div>Education:- Bhopal</div><div>Family Members name:-</div><div>1. Kshama Sharma (Mother)</div><div>2. Late Manju Sharma (Wife)</div><div>3. Simmi Sharma (Child)</div><div>4. Rahul Sharma (Child)</div><div>5. Sunil Sharma (Brother)</div>', '1481279210-pdimg.JPG', 'Start in politics as a student leader in Bhopal, the social service work through NGOs in the political area. &nbsp;After winning election in Ward No. 67, won the election again from Ward No. 67. Given the public sector and devotion to duty as a Councillor again made victorious.', '1481103363-poldimg.png', 'At the first time Smart Classes were launched in public school of Narela Shankari. Always ready to diagnose the problems from road construction sector to small to large parks and fields. People blessed and won best votes.', '1481103062-socdimg.png', '1481279210-pp.JPG', '0', 'https://www.facebook.com/girish.sharma.902', 'girishsharma', NULL, NULL, NULL, '#54ab73', NULL, NULL, NULL),
(20, 0, 39, 'ENG', '0', '0', 'jk', 'ki', 'undefined', 'mm', 'undefined', 'nn', 'undefined', '0', '0', NULL, NULL, NULL, NULL, NULL, NULL, NULL, NULL, NULL),
(21, 0, 40, 'ENG', '0', '0', 'jk', 'ki', 'undefined', 'mm', 'undefined', 'nn', 'undefined', '0', '0', NULL, NULL, NULL, NULL, NULL, NULL, NULL, NULL, NULL),
(22, 0, 41, 'ENG', '0', '0', '2', 'llj', 'null', 'jkjkj', 'null', 'lkkk', 'null', '0', '0', NULL, NULL, NULL, NULL, NULL, NULL, NULL, NULL, NULL),
(23, 0, 42, 'ENG', '0', '0', '2', 'llj', '', 'jkjkj', '', 'lkkk', '', '0', '0', NULL, NULL, NULL, NULL, NULL, NULL, NULL, NULL, NULL),
(24, 0, 43, 'ENG', '0', '0', 'njjj', 'mmmm', '1624018011464.jpg', 'hdhdhdh', '1624018011467.png', 'weweweweeeee', '1624018011511.png', '0', '0', NULL, NULL, NULL, NULL, NULL, NULL, NULL, NULL, NULL);

-- --------------------------------------------------------

--
-- Table structure for table `cmsuserpersonaldetails`
--

CREATE TABLE `cmsuserpersonaldetails` (
  `CMSUserPersonalDetailID` int(11) NOT NULL,
  `CMSUserAuthenticationID` int(11) NOT NULL DEFAULT '0',
  `CMSUserFirstname` varchar(50) NOT NULL DEFAULT '0',
  `CMSUserLastname` varchar(50) NOT NULL DEFAULT '0',
  `CMSUserMiddlename` varchar(50) NOT NULL DEFAULT '0',
  `CMSUserGender` char(1) NOT NULL COMMENT 'M-Male, F-Female',
  `CMSUserPersonalEmail` varchar(200) NOT NULL DEFAULT '0',
  `CMSUserPhone` varchar(20) NOT NULL DEFAULT '0',
  `Whatsappno` varchar(20) DEFAULT NULL,
  `CMSUserURL` varchar(200) DEFAULT '0',
  `CMSUserLocalAddress` varchar(2000) NOT NULL DEFAULT '0',
  `CMSUserState` varchar(100) NOT NULL DEFAULT '0',
  `CMSUserCity` varchar(100) NOT NULL DEFAULT '0',
  `CMSUserZipcode` varchar(10) NOT NULL DEFAULT '0'
) ENGINE=InnoDB DEFAULT CHARSET=latin1;

--
-- Dumping data for table `cmsuserpersonaldetails`
--

INSERT INTO `cmsuserpersonaldetails` (`CMSUserPersonalDetailID`, `CMSUserAuthenticationID`, `CMSUserFirstname`, `CMSUserLastname`, `CMSUserMiddlename`, `CMSUserGender`, `CMSUserPersonalEmail`, `CMSUserPhone`, `Whatsappno`, `CMSUserURL`, `CMSUserLocalAddress`, `CMSUserState`, `CMSUserCity`, `CMSUserZipcode`) VALUES
(1, 2, 'Rahul', 'Gandhi', 'Rajiv', '1', 'office@rahulgandhi.in', '', NULL, 'https://www.inc.in/', 'Govt. of NCT of Delhi 4th Floor, \'C\' Wing, Delhi Sachivalaya.', 'Maharashtra', 'New Delhi', '110002'),
(2, 3, 'Amit ', 'Sharma', 'Dysyss121', '1', 'amit@cong.co', '123-456-7891', NULL, '', 'Near railway station. New Delhi, India –. Fax : 91-11-23017290 ', 'Delhi', 'New Delhi', ' 110 004'),
(3, 4, 'Nitin', 'Kumar', 'G', '1', 'nitin@cong.co', '989-989-999', NULL, 'https://www.inc.in/', '178-184, Old Secretariat, Delhi-54.', 'Delhi', 'New Delhi', '110002'),
(4, 5, 'Pravin', 'Pote', 'Ramchandra', '1', 'stmin.indenv@maharashtra.gov.in', '', NULL, '', 'Amravati ', 'Maharashtra', 'Amravati', '444602'),
(5, 6, 'Prpote', 'Operator', '', '1', 'Prpote-Operator@test.test', '', NULL, '', 'AMRAVATI', 'Maharashtra', 'AMRAVATI', '444602'),
(6, 7, 'Prpote', 'Department', '', '1', 'Prpote-Department@test.test', '', NULL, '', 'Amravati', 'Maharashtra', 'Amravati', '444602'),
(7, 8, 'Rajnath', 'Singh', 'Rambadan', '1', 'Rajnath@test.co', '9226223355', NULL, '', 'Uttar Pradesh Lucknow ', 'Uttar Pradesh', 'Lucknow', '226016'),
(8, 9, 'Rs', 'Optr ', 'd', '1', 'rsoptr@rsoptr.co', '', NULL, '', 'Delhi', 'Delhi', 'Delhi', '110002'),
(9, 10, 'RsDept', 'Dept', '', '1', 'Rsdept@Rsdept.com', '', NULL, '', 'New Delhi', 'Delhi', 'Delhi', '110002'),
(10, 11, 'Rs ', 'Oper', '', '1', 'rsoper@res.co', '', NULL, '', 'Delhi', 'Delhi', 'Delhi', '110002'),
(11, 12, 'rsoptr1', 'rsoptr1', '', '1', 'rmorris@bigv.in', '09423684600', NULL, '', 'Nagpur', 'Maharashtra', 'Nagpur', '440010'),
(12, 13, 'Nitin', 'Gadkari', 'Jairam', '1', 'nitin@test.co', '', '', '', 'Nagpur, Maharashtra, India', 'Maharashtra', 'Nagpur', '440015'),
(13, 14, 'Rakesh', 'Kumar', '', '1', 'rakesh@test.co', '', NULL, '', 'Nagpur', 'Maharashtra', 'Nagpur', '440015'),
(14, 15, 'Niraj', 'Deshmukh', '', '1', 'niraj@test.co', '', NULL, '', 'Nagpur', 'Maharashtra', 'Nagpur', '440015'),
(15, 16, 'Shri', 'Agrawal', 'Brijmohan', '1', 'brij@test.co', '', '', 'http://www.brijmohanagrawal.in', 'B-5/1 Shankar Nagar, Raipur, Chhattisgarh, India, P.O. Box: 492001\r\n', 'Chhattisgarh', 'Raipur', '492001'),
(16, 17, 'Nitish', 'Kumar', '', '1', 'nitish@test.co', '', NULL, '', 'Hakikatpur, PO - Bakhtiarpur, District - Patna', 'Bihar', 'Patna', '803212'),
(17, 18, 'Rajyavardhan ', 'Rathore', 'Singh', '1', 'colrvs@gmail.com', '', '', '', ' C-26, Vaishali Nagar, Rajasthan09460996611', 'Rajasthan', 'Jaipur', '302012'),
(18, 19, 'RAKESH', 'SINGH', '', '1', 'rakesh@test.com', '', NULL, '', 'Jaijaipur', 'Chhattisgarh', 'Jaijaipur', '495690'),
(19, 20, 'Vimal ', 'Chopra', '', '1', 'vimal@test.com', '', NULL, '', 'Mahasamund', 'Chhattisgarh', 'Mahasamund', '493449'),
(20, 21, 'Dinesh', 'Kumar', '', '1', 'kumar@test.com', '', NULL, '', 'BARMER', 'Rajasthan', 'BARMER', '344704'),
(21, 22, 'Arun', 'roy', '', '1', 'arun@test.com', '', NULL, '', 'DAUSA', 'Rajasthan', 'DAUSA', '303313 '),
(22, 23, 'Raman ', 'Singh', 'V', '1', 'sales@voterfirst.com', '', '', '', 'Civil Lines', 'Chhattisgarh', 'Raipur', '492001'),
(23, 24, 'Atul', 'K', '', '1', 'atul@dep.com', '', NULL, '', 'Chhattisgarh India\r\n', 'Chhattisgarh', 'Chhattisgarh', '4018001'),
(24, 25, 'Atul', 'K', '', '1', 'atul@oper.com', '', NULL, '', 'Chhattisgarh India\r\n', 'Chhattisgarh', 'Chhattisgarh', '4018001'),
(25, 26, 'Tarun ', 'Gogoi', 'Kamaleshwar', '1', 'Tarun.Gogoi@voterfirst.me', '2262222/ 2266188', '', '', 'Assam', 'Assam', 'Gauhati', '781001'),
(26, 27, 'Atul', 'K', '', '1', 'atul@dep1.com', '', NULL, '', 'Assam India', 'Assam', 'Assam', '781001'),
(27, 28, 'Niraj', 'D', '', '1', 'niraj@oper.com', '', NULL, '', 'Assam', 'Assam', 'Assam', '781001'),
(28, 29, 'Jagdish', ' Mulik', 'T', '1', 'JagdishMulik@voterfirst.com', '9890811111', '', 'http://jagdishmulik.com/', 'Pune', 'Maharashtra', 'Pune', '411014'),
(29, 30, 'Narhari', 'Jhirwal', 'Sitaram', '1', 'Narhari.Jhirwal@voterfirst.com', '9422769444', '', '', 'Pune', 'Maharashtra', 'Pune', '422202'),
(30, 31, 'R.', 'Patel', 'N.', '1', 'rnpatel@voterfirst.com', '9422507011', '', 'http://voterfirst.com', 'Raipur', 'Chhattisgarh', 'Raipur', '492001'),
(31, 32, 'Bhaiyyu', 'Maharaj', '', '1', 'bhaiyyu_maharaj@voterfirst.com', '7722992266 ', NULL, 'http://bhaiyyumaharaj.com/', 'INDORE. MADHYA PRADESH', 'Madhya Pradesh', 'Indore', '452001'),
(32, 33, 'Sunny', 'Ahuja', '', '1', 'sunny@voterfirst.in', '', NULL, '', 'Nagpur', 'Maharashtra', 'nagpur', '440010'),
(33, 1, 'Rodricks', 'Morris', '', '1', 'rmorris@appynitty.in', '9999999999', '', '', 'Nagpur', 'Maharashtra', 'Nagpur', '440010'),
(34, 34, 'Bhushan', 'Ranawade (Patil)', '', '1', 'bhushanr@voterfirst.com', '', '', '', 'Narhegaon', 'Maharashtra', 'Pune', '411041'),
(35, 35, 'Girish', 'Sharma', '', '1', 'girishgirishsharma@gmail.com', '09406903162', '', 'http://www.girishsharma.in/', 'Narela Shankari, Durga Square, Ward no. 62, J. K. Road, Minal Residency', 'Madhya Pradesh', 'Bhopal.', '462046'),
(36, 36, 'Girish', 'Sharma', '', '1', 'support5@bigv.in', '9406903162', NULL, '', 'Narela Shankari, Durga Square, Ward no. 62, J. K. Road, Minal Residency', 'Madhya Pradesh', 'Bhopal', '462046'),
(37, 37, 'Girish', 'Sharma', '', '1', 'bigvkam5@gmail.com', '9406903162', NULL, '', 'Narela Shankari, Durga Square, Ward no. 62, J. K. Road, Minal Residency', 'Madhya Pradesh', 'Bhopal', '462046'),
(38, 40, '111', 'pp', 'i', '1', '0', '0', NULL, '0', 'ii', 'o', 'j', '77'),
(39, 41, 'k', 'k', 'j', '1', '0', '0', NULL, '0', 'k', 'jj', '1', '2'),
(40, 42, 'k', 'k', 'j', '1', '0', '0', NULL, '0', 'k', 'jj', '1', '2'),
(41, 43, 'm', 'j', 'n', '1', '0', '0', NULL, '0', 'nj', 'mj', 'kk', '778877');

-- --------------------------------------------------------

--
-- Table structure for table `cmsusersauthentication`
--

CREATE TABLE `cmsusersauthentication` (
  `CMSUserAuthenticationID` int(11) NOT NULL,
  `CMSUserRoleID` int(11) NOT NULL DEFAULT '0',
  `CMSUserParentID` int(11) NOT NULL DEFAULT '0',
  `CMSUsername` varchar(50) NOT NULL DEFAULT '0',
  `CMSPassword` varchar(50) NOT NULL DEFAULT '0',
  `CMSUserIsActive` tinyint(1) NOT NULL,
  `CMSUserLastLogin` datetime NOT NULL DEFAULT '0000-00-00 00:00:00',
  `CMSUserLoginAttempts` int(11) NOT NULL DEFAULT '0',
  `CMSUserDisplayname` varchar(50) NOT NULL DEFAULT '0',
  `CMSUserGUID` varchar(50) NOT NULL DEFAULT '0',
  `AppceleratorUserID` varchar(100) DEFAULT NULL,
  `JoinDate` timestamp NULL DEFAULT CURRENT_TIMESTAMP,
  `YouthSectionUrl` varchar(250) DEFAULT NULL,
  `WomenSectionUrl` varchar(250) DEFAULT NULL,
  `LocalEvent` varchar(250) DEFAULT NULL,
  `YouthSectionUrlHin` varchar(250) DEFAULT NULL,
  `WomenSectionUrlHin` varchar(250) DEFAULT NULL,
  `LocalEventHin` varchar(250) DEFAULT NULL,
  `pastactivity` varchar(250) DEFAULT NULL,
  `recentactivity` varchar(250) DEFAULT NULL,
  `pastactivityHin` varchar(250) DEFAULT NULL,
  `recentactivityHin` varchar(250) DEFAULT NULL,
  `upcomingactivity` varchar(250) DEFAULT NULL,
  `upcomingactivityHin` varchar(250) DEFAULT NULL,
  `schemes` varchar(250) DEFAULT NULL,
  `schemesHin` varchar(250) DEFAULT NULL,
  `news` varchar(250) DEFAULT NULL,
  `newsHin` varchar(250) DEFAULT NULL,
  `directory` varchar(250) DEFAULT NULL,
  `aapkedwar` varchar(250) DEFAULT NULL,
  `blogurlfield` varchar(200) DEFAULT NULL,
  `visionmission` varchar(1000) DEFAULT NULL,
  `IsDeleted` int(11) DEFAULT '0'
) ENGINE=InnoDB DEFAULT CHARSET=latin1 ROW_FORMAT=COMPACT;

--
-- Dumping data for table `cmsusersauthentication`
--

INSERT INTO `cmsusersauthentication` (`CMSUserAuthenticationID`, `CMSUserRoleID`, `CMSUserParentID`, `CMSUsername`, `CMSPassword`, `CMSUserIsActive`, `CMSUserLastLogin`, `CMSUserLoginAttempts`, `CMSUserDisplayname`, `CMSUserGUID`, `AppceleratorUserID`, `JoinDate`, `YouthSectionUrl`, `WomenSectionUrl`, `LocalEvent`, `YouthSectionUrlHin`, `WomenSectionUrlHin`, `LocalEventHin`, `pastactivity`, `recentactivity`, `pastactivityHin`, `recentactivityHin`, `upcomingactivity`, `upcomingactivityHin`, `schemes`, `schemesHin`, `news`, `newsHin`, `directory`, `aapkedwar`, `blogurlfield`, `visionmission`, `IsDeleted`) VALUES
(1, 1, 0, 'superadmin', '0192023a7bbd73250516f069df18b500', 1, '2021-06-04 15:09:48', 0, 'Voter First', '0', NULL, NULL, NULL, NULL, NULL, NULL, NULL, NULL, NULL, NULL, NULL, NULL, NULL, NULL, NULL, NULL, NULL, NULL, NULL, NULL, NULL, NULL, 0),
(2, 2, 2, 'rgandhi', '7a9272c96e449f890d67bdb77929cf60', 1, '2021-06-04 13:48:52', 0, 'Rahul Gandhi', '0', '558989125f83f3099606216e', '2015-06-17 08:13:44', NULL, NULL, NULL, NULL, NULL, NULL, NULL, NULL, NULL, NULL, NULL, NULL, NULL, NULL, NULL, NULL, NULL, NULL, NULL, NULL, 0),
(3, 4, 2, 'asharma', '6aca7ef02d69e5bdb60c64b0edf8fe8c', 1, '2015-06-23 16:07:42', 0, 'Amit Sharma', '0', '55897c2f46ef69097e16d778', '2015-06-16 14:53:27', NULL, NULL, NULL, NULL, NULL, NULL, NULL, NULL, NULL, NULL, NULL, NULL, NULL, NULL, NULL, NULL, NULL, NULL, NULL, NULL, 0),
(4, 3, 2, 'nkumar', '485d31ded1c9132387116cbf794b14ca', 1, '2015-06-23 16:11:27', 0, 'Nitin Kumar', '0', '558978f046ef69097e16c81d', '2015-06-16 14:42:15', NULL, NULL, NULL, NULL, NULL, NULL, NULL, NULL, NULL, NULL, NULL, NULL, NULL, NULL, NULL, NULL, NULL, NULL, NULL, NULL, 0),
(5, 2, 5, 'Prpote', '4989f3ecd458432df3359943951eea4e', 1, '2015-06-24 05:23:57', 0, 'Pravin Ramchandra Pote', '0', '5589870c6942bc098f064675', '2015-06-22 07:52:53', NULL, NULL, NULL, NULL, NULL, NULL, NULL, NULL, NULL, NULL, NULL, NULL, NULL, NULL, NULL, NULL, NULL, NULL, NULL, NULL, 0),
(6, 3, 5, 'Prpoperator', '6609af6afab2e5067e439157bbec7dd1', 1, '2015-06-22 12:33:56', 0, 'Prpote Operator', '0', NULL, '2015-06-22 08:03:30', NULL, NULL, NULL, NULL, NULL, NULL, NULL, NULL, NULL, NULL, NULL, NULL, NULL, NULL, NULL, NULL, NULL, NULL, NULL, NULL, 0),
(7, 4, 5, 'Prpdepartment', '6999a462968ded4364234d15a7e6b1a6', 1, '2015-06-22 11:36:29', 0, 'Prpote Department', '0', NULL, '2015-06-22 08:05:24', NULL, NULL, NULL, NULL, NULL, NULL, NULL, NULL, NULL, NULL, NULL, NULL, NULL, NULL, NULL, NULL, NULL, NULL, NULL, NULL, 0),
(8, 2, 8, 'rsingh', '76e36d7732cba1454c5fdb55fa9f3214', 1, '2019-09-09 19:29:41', 0, 'Rajnath Singh', '0', '5655b4a74a522f090f11651b', '2015-06-24 05:31:04', NULL, NULL, NULL, NULL, NULL, NULL, NULL, NULL, NULL, NULL, NULL, NULL, NULL, NULL, NULL, NULL, NULL, NULL, NULL, NULL, 0),
(9, 3, 9, 'Testopt', '00f311073abc9f0797e0981fa02091bf', 1, '2015-06-29 15:24:34', 0, 'Rs optr ', '0', NULL, '2015-06-24 11:54:25', NULL, NULL, NULL, NULL, NULL, NULL, NULL, NULL, NULL, NULL, NULL, NULL, NULL, NULL, NULL, NULL, NULL, NULL, NULL, NULL, 0),
(10, 4, 8, 'rsdept', '78dc20ff514eaf25a3182bf83ebff76f', 1, '2015-08-15 11:31:00', 0, 'Rs Dept', '0', '5655b8877b2fc8090e121f16', '2015-06-24 11:55:45', NULL, NULL, NULL, NULL, NULL, NULL, NULL, NULL, NULL, NULL, NULL, NULL, NULL, NULL, NULL, NULL, NULL, NULL, NULL, NULL, 0),
(11, 3, 8, 'rsoptr', '3b77da90677b0aa1502385d2c2ff614c', 1, '2015-12-29 12:34:52', 0, 'RS optr', '0', '5655b3e102e88d090e125309', '2015-06-29 15:26:15', NULL, NULL, NULL, NULL, NULL, NULL, NULL, NULL, NULL, NULL, NULL, NULL, NULL, NULL, NULL, NULL, NULL, NULL, NULL, NULL, 0),
(12, 3, 8, 'rsoptr1', '81dc9bdb52d04dc20036dbd8313ed055', 1, '0000-00-00 00:00:00', 0, 'Operator', '0', NULL, '2015-07-22 08:00:21', NULL, NULL, NULL, NULL, NULL, NULL, NULL, NULL, NULL, NULL, NULL, NULL, NULL, NULL, NULL, NULL, NULL, NULL, NULL, NULL, 0),
(13, 2, 13, 'Ngadkari', 'c654759701670147481d5adf75d8ef0e', 1, '2016-12-09 11:14:26', 0, 'Nitin Gadkari', '0', '55f138cd595cd60bcd1d6b9b', '2015-09-09 07:17:17', 'http://youth.com', 'http://women.com', 'http://event.com', 'http://youth.in', 'http://women.in', 'http://event.in', NULL, NULL, NULL, NULL, NULL, NULL, NULL, NULL, NULL, NULL, NULL, NULL, NULL, NULL, 0),
(14, 3, 13, 'ngoperator', '7bd1fcaa84f2a9ab1c9f824de6646109', 1, '2015-11-26 11:17:41', 0, 'Rakesh Kumar ', '0', '55f1375c421c440bcb1e8d2b', '2015-09-09 07:29:31', NULL, NULL, NULL, NULL, NULL, NULL, NULL, NULL, NULL, NULL, NULL, NULL, NULL, NULL, NULL, NULL, NULL, NULL, NULL, NULL, 0),
(15, 4, 13, 'ngdepartment', 'd00157ae7ed39746d21a9a2dd309a691', 1, '2015-11-26 11:18:09', 0, 'Niraj Deshmukh', '0', '55f1380b647b3f0bc01d1369', '2015-09-09 07:30:58', NULL, NULL, NULL, NULL, NULL, NULL, NULL, NULL, NULL, NULL, NULL, NULL, NULL, NULL, NULL, NULL, NULL, NULL, NULL, NULL, 0),
(16, 2, 16, 'brijmohan', '90cfe39ede38a4deeb4f1750e8e01ba1', 1, '2016-11-22 13:14:19', 0, 'Shri. Brijmohan Agrawal', '0', '5602922016d4b1090328f7e4', '2015-09-10 06:27:08', 'http://www.business-standard.com/article/pti-stories/national-youth-festival-in-chhattisgarh-from-jan-12-115120600413_1.html', 'http://www.thebetterindia.com/topics/women/', 'http://www.jagranjosh.com/current-affairs-chhatisgarh-1286372179-1', 'http://www.business-standard.com/article/pti-stories/national-youth-festival-in-chhattisgarh-from-jan-12-115120600413_1.html', 'http://www.thebetterindia.com/topics/women/', 'http://www.jagranjosh.com/current-affairs-chhatisgarh-1286372179-1', NULL, NULL, NULL, NULL, NULL, NULL, NULL, NULL, NULL, NULL, NULL, NULL, NULL, NULL, 0),
(17, 2, 1, 'nitishkumar', '90cfe39ede38a4deeb4f1750e8e01ba1', 1, '0000-00-00 00:00:00', 0, 'Shri Nitish Kumar', '0', NULL, '2015-09-14 06:27:52', NULL, NULL, NULL, NULL, NULL, NULL, NULL, NULL, NULL, NULL, NULL, NULL, NULL, NULL, NULL, NULL, NULL, NULL, NULL, NULL, 0),
(18, 2, 18, 'rsrathore', '39ec475a264e6031f3c907b79f367281', 1, '2016-09-19 10:03:33', 0, 'RAJYAVARDHAN SINGH RATHORE', '0', '5602a0fb16607809012921cd', '2015-09-14 06:36:47', NULL, NULL, NULL, NULL, NULL, NULL, 'http://voterfirst.me/RSR/Activities_Past_eng.html', 'http://voterfirst.me/RSR/Activities_Recent_eng.html', 'http://voterfirst.me/RSR/Activities_Past_hin.html', 'http://voterfirst.me/RSR/Activities_Recent_hin.html', 'http://voterfirst.me/RSR/Activities_Upcoming_eng.html', '', 'http://voterfirst.me/RSR/Government%20Schemes_Eng.html', 'http://voterfirst.com/utilities/rsr/Government_Schemes_Hin.html', 'http://voterfirst.me/RSR/News_eng.html', 'http://voterfirst.me/RSR/News_Hin.html', 'http://voterfirst.me/RSR/Jaipur_Rural_Directory', 'http://voterfirst.me/RSR/Sansad_Aapke_Dwar', NULL, NULL, 0),
(19, 3, 16, 'baoptr', '90cfe39ede38a4deeb4f1750e8e01ba1', 1, '2015-09-23 09:25:41', 0, 'RAKESH SINGH', '0', '5602926916d4b1090b285285', '2015-09-23 09:01:53', NULL, NULL, NULL, NULL, NULL, NULL, NULL, NULL, NULL, NULL, NULL, NULL, NULL, NULL, NULL, NULL, NULL, NULL, NULL, NULL, 0),
(20, 4, 16, 'badept', '90cfe39ede38a4deeb4f1750e8e01ba1', 1, '2015-09-23 09:08:13', 0, 'Vimal Chopra', '0', '5602923f16d4b1090328f822', '2015-09-23 09:05:22', NULL, NULL, NULL, NULL, NULL, NULL, NULL, NULL, NULL, NULL, NULL, NULL, NULL, NULL, NULL, NULL, NULL, NULL, NULL, NULL, 0),
(21, 3, 18, 'dineshoper', '75d3bdb4959dc2d64aafcae458896aba', 1, '2015-09-23 13:02:45', 0, 'DineshKumar', '0', '5602a2b216d4b1090b2888ae', '2015-09-23 09:30:42', NULL, NULL, NULL, NULL, NULL, NULL, NULL, NULL, NULL, NULL, NULL, NULL, NULL, NULL, NULL, NULL, NULL, NULL, NULL, NULL, 0),
(22, 4, 18, 'arundept', '0a3fec100dcd8cd7afd53ef964107a4c', 1, '2015-12-22 05:19:32', 0, 'Arun Roy', '0', '5602a25d16607809092936c3', '2015-09-23 09:32:04', NULL, NULL, NULL, NULL, NULL, NULL, NULL, NULL, NULL, NULL, NULL, NULL, NULL, NULL, NULL, NULL, NULL, NULL, NULL, NULL, 0),
(23, 2, 23, 'ramansingh', '90cfe39ede38a4deeb4f1750e8e01ba1', 1, '2016-02-03 12:04:10', 0, 'Dr. Raman Singh', '0', '5695f84092f6e3e9d12c837c', '2015-12-15 06:16:35', NULL, NULL, NULL, NULL, NULL, NULL, NULL, NULL, NULL, NULL, NULL, NULL, NULL, NULL, NULL, NULL, NULL, NULL, NULL, NULL, 0),
(24, 4, 23, 'atuldept', '1a100d2c0dab19c4430e7d73762b3423', 1, '2016-01-13 07:15:49', 0, 'Atul - Department User', '0', '5695f8ba995248ea622cf636', '2016-01-13 07:06:32', NULL, NULL, NULL, NULL, NULL, NULL, NULL, NULL, NULL, NULL, NULL, NULL, NULL, NULL, NULL, NULL, NULL, NULL, NULL, NULL, 0),
(25, 3, 23, 'atuloper', '1a100d2c0dab19c4430e7d73762b3423', 1, '2016-01-13 07:15:30', 0, 'Atul - Operator User', '0', '5695f96851f034ed6c2bfb3a', '2016-01-13 07:07:38', NULL, NULL, NULL, NULL, NULL, NULL, NULL, NULL, NULL, NULL, NULL, NULL, NULL, NULL, NULL, NULL, NULL, NULL, NULL, NULL, 0),
(26, 2, 26, 'TarunGogoi', '90cfe39ede38a4deeb4f1750e8e01ba1', 1, '2018-06-06 07:12:30', 0, 'Tarun Gogoi', '0', '56ab1ec93477c0090b1428a6', '2016-01-27 11:41:36', 'http://www.business-standard.com/article/pti-stories/national-youth-festival-in-chhattisgarh-from-jan-12-115120600413_1.html', 'http://www.thebetterindia.com/topics/women/', 'http://www.jagranjosh.com/current-affairs-chhatisgarh-1286372179-1', 'http://www.business-standard.com/article/pti-stories/national-youth-festival-in-chhattisgarh-from-jan-12-115120600413_1.html', 'http://www.thebetterindia.com/topics/women/', '', NULL, NULL, NULL, NULL, NULL, NULL, NULL, NULL, NULL, NULL, NULL, NULL, NULL, NULL, 0),
(27, 4, 26, 'depuser', 'e10adc3949ba59abbe56e057f20f883e', 1, '2016-03-07 11:30:04', 0, 'Atul - Department User', '0', '56ab1f42995248ea6a5abbbf', '2016-01-28 14:07:37', NULL, NULL, NULL, NULL, NULL, NULL, NULL, NULL, NULL, NULL, NULL, NULL, NULL, NULL, NULL, NULL, NULL, NULL, NULL, NULL, 0),
(28, 3, 26, 'operuser', 'e10adc3949ba59abbe56e057f20f883e', 1, '2016-03-07 11:31:59', 0, 'Niraj - Operator User', '0', '56ab1f0e995248ea6a5abba6', '2016-01-28 14:08:41', NULL, NULL, NULL, NULL, NULL, NULL, NULL, NULL, NULL, NULL, NULL, NULL, NULL, NULL, NULL, NULL, NULL, NULL, NULL, NULL, 0),
(29, 2, 29, 'jagdishmulik', '90cfe39ede38a4deeb4f1750e8e01ba1', 1, '2016-05-11 12:01:42', 0, ' Jagdish Mulik', '0', NULL, '2016-03-30 10:43:05', NULL, NULL, NULL, NULL, NULL, NULL, NULL, NULL, NULL, NULL, NULL, NULL, NULL, NULL, NULL, NULL, NULL, NULL, NULL, NULL, 0),
(30, 2, 30, 'narharijhirwal', '90cfe39ede38a4deeb4f1750e8e01ba1', 1, '2016-07-20 14:15:04', 0, 'Narhari Jhirwal', '0', NULL, '2016-04-01 06:40:48', NULL, NULL, NULL, NULL, NULL, NULL, NULL, NULL, NULL, NULL, NULL, NULL, NULL, NULL, NULL, NULL, NULL, NULL, NULL, NULL, 0),
(31, 2, 31, 'rnpatel', '90cfe39ede38a4deeb4f1750e8e01ba1', 1, '2016-04-04 09:16:40', 0, 'R. N. Patel', '0', NULL, '2016-04-02 05:55:11', NULL, NULL, NULL, NULL, NULL, NULL, NULL, NULL, NULL, NULL, NULL, NULL, NULL, NULL, NULL, NULL, NULL, NULL, NULL, NULL, 0),
(32, 2, 32, 'bhaiyyumaharaj', '90cfe39ede38a4deeb4f1750e8e01ba1', 1, '2019-02-06 10:43:10', 0, 'Bhaiyyu Maharaj', '0', NULL, '2016-05-19 06:36:54', NULL, NULL, NULL, NULL, NULL, NULL, NULL, NULL, NULL, NULL, NULL, NULL, NULL, NULL, NULL, NULL, NULL, NULL, NULL, NULL, 0),
(33, 2, 33, 'sunnyahuja', '6978e764aa4d02c66322efab1e202ab1', 1, '2016-12-09 07:13:11', 0, 'Sunny Ahuja', '0', NULL, '2016-07-02 06:07:29', NULL, NULL, NULL, NULL, NULL, NULL, NULL, NULL, NULL, NULL, NULL, NULL, NULL, NULL, NULL, NULL, NULL, NULL, NULL, NULL, 0),
(34, 2, 34, 'Bhushan', '0e0d2c19a763baf631a6b3c4de604888', 1, '2018-06-06 07:06:25', 0, 'Bhushan Ranawade (Patil)', '0', NULL, '2016-07-02 09:30:47', NULL, NULL, NULL, NULL, NULL, NULL, NULL, NULL, NULL, NULL, NULL, NULL, NULL, NULL, NULL, NULL, NULL, NULL, NULL, NULL, 0),
(35, 2, 35, 'girish', '4f60d92d43a51a56f801b43ebf658bb3', 1, '2018-06-08 08:11:54', 0, 'Girish Sharma', '0', '583c12b683b1320950406e21', '2016-11-18 11:50:29', NULL, NULL, NULL, NULL, NULL, NULL, NULL, NULL, NULL, NULL, NULL, NULL, NULL, NULL, NULL, NULL, NULL, NULL, NULL, NULL, 0),
(36, 3, 35, 'girishoptr', '8f05ac234355dd5d02f782c4bfd5773c', 1, '2016-12-20 12:11:18', 0, 'Girish Sharma Operator', '0', '583d87a7dce21509467097a7', '2016-11-28 11:52:48', NULL, NULL, NULL, NULL, NULL, NULL, NULL, NULL, NULL, NULL, NULL, NULL, NULL, NULL, NULL, NULL, NULL, NULL, NULL, NULL, 0),
(37, 4, 35, 'girishdept', 'ac521695a996a5dcce0e6aa18dbf9761', 1, '2016-12-20 09:33:13', 0, 'Girish Sharma Department', '0', '583d840f83b1320948559d7f', '2016-11-28 11:59:28', NULL, NULL, NULL, NULL, NULL, NULL, NULL, NULL, NULL, NULL, NULL, NULL, NULL, NULL, NULL, NULL, NULL, NULL, NULL, NULL, 0),
(38, 0, 0, 'ji', 'ji', 1, '0000-00-00 00:00:00', 0, '0', '0', NULL, '2021-06-18 10:52:53', NULL, NULL, NULL, NULL, NULL, NULL, NULL, NULL, NULL, NULL, NULL, NULL, NULL, NULL, NULL, NULL, NULL, NULL, NULL, NULL, 0),
(39, 0, 0, 'ji1', 'b59c67bf196a4758191e42f76670ceba', 1, '0000-00-00 00:00:00', 0, '0', '0', NULL, '2021-06-18 11:14:43', NULL, NULL, NULL, NULL, NULL, NULL, NULL, NULL, NULL, NULL, NULL, NULL, NULL, NULL, NULL, NULL, NULL, NULL, NULL, NULL, 0),
(40, 0, 0, 'ji1', 'b59c67bf196a4758191e42f76670ceba', 1, '0000-00-00 00:00:00', 0, '0', '0', NULL, '2021-06-18 11:40:09', NULL, NULL, NULL, NULL, NULL, NULL, NULL, NULL, NULL, NULL, NULL, NULL, NULL, NULL, NULL, NULL, NULL, NULL, NULL, NULL, 0),
(41, 0, 0, 'k', 'd95679752134a2d9eb61dbd7b91c4bcc', 1, '0000-00-00 00:00:00', 0, '0', '0', NULL, '2021-06-18 11:50:16', NULL, NULL, NULL, NULL, NULL, NULL, NULL, NULL, NULL, NULL, NULL, NULL, NULL, NULL, NULL, NULL, NULL, NULL, NULL, NULL, 0),
(42, 0, 0, 'k', 'd95679752134a2d9eb61dbd7b91c4bcc', 1, '0000-00-00 00:00:00', 0, '0', '0', NULL, '2021-06-18 11:51:58', NULL, NULL, NULL, NULL, NULL, NULL, NULL, NULL, NULL, NULL, NULL, NULL, NULL, NULL, NULL, NULL, NULL, NULL, NULL, NULL, 0),
(43, 0, 0, 'o', '2db95e8e1a9267b7a1188556b2013b33', 1, '0000-00-00 00:00:00', 0, '0', '0', NULL, '2021-06-18 12:06:51', NULL, NULL, NULL, NULL, NULL, NULL, NULL, NULL, NULL, NULL, NULL, NULL, NULL, NULL, NULL, NULL, NULL, NULL, NULL, NULL, 0);

--
-- Indexes for dumped tables
--

--
-- Indexes for table `cmsclientdetails`
--
ALTER TABLE `cmsclientdetails`
  ADD PRIMARY KEY (`CMSClientDetailID`),
  ADD KEY `FK_cmsclientdetails001` (`CMSUserPersonalDetailID`),
  ADD KEY `FK_cmsclientdetails002` (`CMSUserAuthenticationID`);

--
-- Indexes for table `cmsuserpersonaldetails`
--
ALTER TABLE `cmsuserpersonaldetails`
  ADD PRIMARY KEY (`CMSUserPersonalDetailID`),
  ADD KEY `FK_cmsuserpersonaldetails001` (`CMSUserAuthenticationID`);

--
-- Indexes for table `cmsusersauthentication`
--
ALTER TABLE `cmsusersauthentication`
  ADD PRIMARY KEY (`CMSUserAuthenticationID`),
  ADD KEY `FK_cmsusersauthentication001` (`CMSUserRoleID`);

--
-- AUTO_INCREMENT for dumped tables
--

--
-- AUTO_INCREMENT for table `cmsclientdetails`
--
ALTER TABLE `cmsclientdetails`
  MODIFY `CMSClientDetailID` int(11) NOT NULL AUTO_INCREMENT, AUTO_INCREMENT=25;
--
-- AUTO_INCREMENT for table `cmsuserpersonaldetails`
--
ALTER TABLE `cmsuserpersonaldetails`
  MODIFY `CMSUserPersonalDetailID` int(11) NOT NULL AUTO_INCREMENT, AUTO_INCREMENT=42;
--
-- AUTO_INCREMENT for table `cmsusersauthentication`
--
ALTER TABLE `cmsusersauthentication`
  MODIFY `CMSUserAuthenticationID` int(11) NOT NULL AUTO_INCREMENT, AUTO_INCREMENT=44;
--
-- Constraints for dumped tables
--

--
-- Constraints for table `cmsuserpersonaldetails`
--
ALTER TABLE `cmsuserpersonaldetails`
  ADD CONSTRAINT `FK_cmsuserpersonaldetails001` FOREIGN KEY (`CMSUserAuthenticationID`) REFERENCES `cmsusersauthentication` (`CMSUserAuthenticationID`);

/*!40101 SET CHARACTER_SET_CLIENT=@OLD_CHARACTER_SET_CLIENT */;
/*!40101 SET CHARACTER_SET_RESULTS=@OLD_CHARACTER_SET_RESULTS */;
/*!40101 SET COLLATION_CONNECTION=@OLD_COLLATION_CONNECTION */;
